{
  "2D": 15015.2950003147,
  "3D": 2.96399998664856,
  "AssetLib": 24.5989997386932,
  "Editor": 47772.8829987048,
  "Game": 6321.31799292564,
  "Script": 26408.7070057391
}