{
  "2D": 10912.3779990673,
  "3D": 2.96399998664856,
  "Editor": 26943.4719984531,
  "Game": 2914.05799651146,
  "Script": 13114.0720028877
}