{
  "2D": 13217.8009984493,
  "3D": 2.96399998664856,
  "AssetLib": 24.5989997386932,
  "Editor": 44073.4019961357,
  "Game": 5725.26199173927,
  "Script": 25102.7760062217
}