{
  "2D": 28573.3050005435,
  "3D": 2.96399998664856,
  "Asset Store": 33.9889998435974,
  "AssetLib": 45.4779999256134,
  "Editor": 89049.6299965381,
  "Game": 14361.8009932041,
  "Script": 46032.0930030347
}