{
  "2D": 27717.7839992046,
  "3D": 2.96399998664856,
  "Asset Store": 33.9889998435974,
  "AssetLib": 45.4779999256134,
  "Editor": 86272.0629956722,
  "Game": 13746.4839932918,
  "Script": 44725.3640034199
}