{
  "2D": 16243.7230000496,
  "3D": 2.96399998664856,
  "AssetLib": 24.5989997386932,
  "Editor": 49741.8979971408,
  "Game": 6744.3419919014,
  "Script": 26726.2700054645
}