{
  "2D": 18072.9140012264,
  "3D": 2.96399998664856,
  "AssetLib": 45.4779999256134,
  "Editor": 60473.8209969997,
  "Game": 8500.63899207116,
  "Script": 33851.8260037899
}