{
  "2D": 9735.89299964904,
  "3D": 2.96399998664856,
  "Editor": 21834.9629991055,
  "Game": 2111.58799719811,
  "Script": 9984.51800227165
}