{
  "2D": 12252.5059990883,
  "3D": 2.96399998664856,
  "Editor": 38237.7889988422,
  "Game": 5178.35499310493,
  "Script": 20803.9640066623
}