{
  "2D": 6389.3430006504,
  "3D": 2.96399998664856,
  "Editor": 10866.4170000553,
  "Game": 1083.35299944878,
  "Script": 3390.75699996948
}