{
  "2D": 25301.8349990845,
  "3D": 2.96399998664856,
  "AssetLib": 45.4779999256134,
  "Editor": 70017.1589958667,
  "Game": 9811.7779929638,
  "Script": 34855.1040039062
}