{
  "2D": 30406.3920016288,
  "3D": 2.96399998664856,
  "Asset Store": 33.9889998435974,
  "AssetLib": 45.4779999256134,
  "Editor": 93559.3209972381,
  "Game": 15469.0619924068,
  "Script": 47601.4360034467
}